train_arrival,trip_id,passengers_alighted,time_numeric
5:04:01,138.T6.11-MRe-2-y08-1.79.H,1,304
5:06:31,138.T6.11-MRe-1-y08-1.38.H,0,306
5:10:31,139.T6.11-MRe-2-y08-1.79.H,7,310
5:14:31,139.T6.11-MRe-1-y08-1.38.H,0,314
5:18:31,140.T6.11-MRe-2-y08-1.79.H,0,318
5:22:31,140.T6.11-MRe-1-y08-1.38.H,10,322
5:26:31,141.T6.11-MRe-2-y08-1.79.H,1,326
5:30:31,141.T6.11-MRe-1-y08-1.38.H,2,330
5:34:31,142.T6.11-MRe-2-y08-1.79.H,0,334
5:38:31,142.T6.11-MRe-1-y08-1.38.H,22,338
5:42:31,143.T6.11-MRe-2-y08-1.79.H,7,342
5:46:31,143.T6.11-MRe-1-y08-1.38.H,1,346
5:50:31,144.T6.11-MRe-2-y08-1.79.H,3,350
5:54:31,144.T6.11-MRe-1-y08-1.38.H,21,354
5:58:31,145.T6.11-MRe-2-y08-1.79.H,1,358
6:02:31,145.T6.11-MRe-1-y08-1.38.H,11,362
6:06:31,146.T6.11-MRe-2-y08-1.79.H,2,366
6:10:31,146.T6.11-MRe-1-y08-1.38.H,8,370
6:14:31,147.T6.11-MRe-2-y08-1.79.H,12,374
6:18:31,147.T6.11-MRe-1-y08-1.38.H,11,378
6:22:31,148.T6.11-MRe-2-y08-1.79.H,17,382
6:26:31,148.T6.11-MRe-1-y08-1.38.H,14,386
6:30:31,149.T6.11-MRe-2-y08-1.79.H,11,390
6:34:31,149.T6.11-MRe-1-y08-1.38.H,10,394
6:38:31,150.T6.11-MRe-2-y08-1.79.H,20,398
6:42:31,150.T6.11-MRe-1-y08-1.38.H,16,402
6:46:31,151.T6.11-MRe-2-y08-1.79.H,27,406
6:50:31,151.T6.11-MRe-1-y08-1.38.H,31,410
6:54:31,152.T6.11-MRe-2-y08-1.79.H,19,414
6:58:31,152.T6.11-MRe-1-y08-1.38.H,26,418
7:02:31,153.T6.11-MRe-2-y08-1.79.H,12,422
7:04:31,153.T6.11-MRe-1-y08-1.73.H,7,424
7:06:31,154.T6.11-MRe-1-y08-1.38.H,22,426
7:10:31,154.T6.11-MRe-2-y08-1.79.H,7,430
7:12:31,155.T6.11-MRe-1-y08-1.73.H,22,432
7:14:31,156.T6.11-MRe-1-y08-1.38.H,19,434
7:16:31,157.T6.11-MRe-1-y08-1.73.H,9,436
7:18:31,155.T6.11-MRe-2-y08-1.79.H,17,438
7:20:31,158.T6.11-MRe-1-y08-1.73.H,9,440
7:22:31,159.T6.11-MRe-1-y08-1.38.H,23,442
7:26:31,156.T6.11-MRe-2-y08-1.79.H,26,446
7:28:31,160.T6.11-MRe-1-y08-1.73.H,4,448
7:30:31,161.T6.11-MRe-1-y08-1.38.H,27,450
7:34:31,157.T6.11-MRe-2-y08-1.79.H,18,454
7:36:31,162.T6.11-MRe-1-y08-1.73.H,7,456
7:38:31,163.T6.11-MRe-1-y08-1.38.H,28,458
7:40:31,164.T6.11-MRe-1-y08-1.73.H,9,460
7:42:31,158.T6.11-MRe-2-y08-1.79.H,11,462
7:44:31,165.T6.11-MRe-1-y08-1.73.H,17,464
7:46:31,166.T6.11-MRe-1-y08-1.38.H,26,466
7:50:31,159.T6.11-MRe-2-y08-1.79.H,22,470
7:52:31,167.T6.11-MRe-1-y08-1.73.H,16,472
7:54:31,168.T6.11-MRe-1-y08-1.38.H,13,474
7:56:31,169.T6.11-MRe-1-y08-1.73.H,13,476
7:58:31,160.T6.11-MRe-2-y08-1.79.H,17,478
8:00:31,170.T6.11-MRe-1-y08-1.73.H,2,480
8:02:31,171.T6.11-MRe-1-y08-1.38.H,28,482
8:06:31,161.T6.11-MRe-2-y08-1.79.H,17,486
8:08:31,172.T6.11-MRe-1-y08-1.73.H,8,488
8:10:31,173.T6.11-MRe-1-y08-1.38.H,27,490
8:14:31,162.T6.11-MRe-2-y08-1.79.H,16,494
8:16:31,174.T6.11-MRe-1-y08-1.73.H,7,496
8:18:31,175.T6.11-MRe-1-y08-1.38.H,13,498
8:20:31,176.T6.11-MRe-1-y08-1.73.H,9,500
8:22:31,163.T6.11-MRe-2-y08-1.79.H,19,502
8:24:31,177.T6.11-MRe-1-y08-1.73.H,13,504
8:26:31,178.T6.11-MRe-1-y08-1.38.H,22,506
8:30:31,164.T6.11-MRe-2-y08-1.79.H,19,510
8:32:31,179.T6.11-MRe-1-y08-1.73.H,13,512
8:34:31,180.T6.11-MRe-1-y08-1.38.H,29,514
8:38:31,165.T6.11-MRe-2-y08-1.79.H,17,518
8:40:31,181.T6.11-MRe-1-y08-1.73.H,10,520
8:42:31,182.T6.11-MRe-1-y08-1.38.H,34,522
8:46:31,166.T6.11-MRe-2-y08-1.79.H,29,526
8:48:31,183.T6.11-MRe-1-y08-1.73.H,2,528
8:50:31,184.T6.11-MRe-1-y08-1.38.H,43,530
8:54:31,167.T6.11-MRe-2-y08-1.79.H,18,534
8:56:31,185.T6.11-MRe-1-y08-1.73.H,13,536
8:58:31,186.T6.11-MRe-1-y08-1.38.H,32,538
9:02:31,168.T6.11-MRe-2-y08-1.79.H,5,542
9:04:31,187.T6.11-MRe-1-y08-1.73.H,5,544
9:06:31,188.T6.11-MRe-1-y08-1.38.H,23,546
9:10:31,169.T6.11-MRe-2-y08-1.79.H,11,550
9:12:31,189.T6.11-MRe-1-y08-1.73.H,4,552
9:14:31,190.T6.11-MRe-1-y08-1.38.H,15,554
9:18:31,170.T6.11-MRe-2-y08-1.79.H,24,558
9:20:31,191.T6.11-MRe-1-y08-1.73.H,7,560
9:22:31,192.T6.11-MRe-1-y08-1.38.H,19,562
9:26:31,171.T6.11-MRe-2-y08-1.79.H,6,566
9:28:31,193.T6.11-MRe-1-y08-1.73.H,7,568
9:30:31,194.T6.11-MRe-1-y08-1.38.H,13,570
9:34:31,172.T6.11-MRe-2-y08-1.79.H,8,574
9:36:31,195.T6.11-MRe-1-y08-1.73.H,8,576
9:38:31,196.T6.11-MRe-1-y08-1.38.H,19,578
9:42:31,173.T6.11-MRe-2-y08-1.79.H,5,582
9:46:31,197.T6.11-MRe-1-y08-1.38.H,17,586
9:50:31,174.T6.11-MRe-2-y08-1.79.H,16,590
9:54:31,198.T6.11-MRe-1-y08-1.38.H,17,594
9:58:31,175.T6.11-MRe-2-y08-1.79.H,5,598
10:02:31,199.T6.11-MRe-1-y08-1.38.H,18,602
10:06:31,176.T6.11-MRe-2-y08-1.79.H,8,606
10:10:31,200.T6.11-MRe-1-y08-1.38.H,6,610
10:14:31,177.T6.11-MRe-2-y08-1.79.H,15,614
10:18:31,201.T6.11-MRe-1-y08-1.38.H,8,618
10:22:31,178.T6.11-MRe-2-y08-1.79.H,10,622
10:26:31,202.T6.11-MRe-1-y08-1.38.H,8,626
10:30:31,179.T6.11-MRe-2-y08-1.79.H,6,630
10:34:31,203.T6.11-MRe-1-y08-1.38.H,7,634
10:38:31,180.T6.11-MRe-2-y08-1.79.H,6,638
10:42:31,204.T6.11-MRe-1-y08-1.38.H,10,642
10:46:31,181.T6.11-MRe-2-y08-1.79.H,3,646
10:50:31,205.T6.11-MRe-1-y08-1.38.H,11,650
10:54:31,182.T6.11-MRe-2-y08-1.79.H,4,654
10:58:31,206.T6.11-MRe-1-y08-1.38.H,5,658
11:02:31,183.T6.11-MRe-2-y08-1.79.H,8,662
11:06:31,207.T6.11-MRe-1-y08-1.38.H,7,666
11:10:31,184.T6.11-MRe-2-y08-1.79.H,7,670
11:14:31,208.T6.11-MRe-1-y08-1.38.H,5,674
11:18:31,185.T6.11-MRe-2-y08-1.79.H,5,678
11:22:31,209.T6.11-MRe-1-y08-1.38.H,6,682
11:26:31,186.T6.11-MRe-2-y08-1.79.H,6,686
11:30:31,210.T6.11-MRe-1-y08-1.38.H,8,690
11:34:31,187.T6.11-MRe-2-y08-1.79.H,6,694
11:38:31,211.T6.11-MRe-1-y08-1.38.H,6,698
11:42:31,188.T6.11-MRe-2-y08-1.79.H,1,702
11:46:31,212.T6.11-MRe-1-y08-1.38.H,8,706
11:50:31,189.T6.11-MRe-2-y08-1.79.H,6,710
11:54:31,213.T6.11-MRe-1-y08-1.38.H,5,714
11:58:31,190.T6.11-MRe-2-y08-1.79.H,7,718
12:02:31,214.T6.11-MRe-1-y08-1.38.H,11,722
12:06:31,191.T6.11-MRe-2-y08-1.79.H,3,726
12:10:31,215.T6.11-MRe-1-y08-1.38.H,2,730
12:14:31,192.T6.11-MRe-2-y08-1.79.H,4,734
12:18:31,216.T6.11-MRe-1-y08-1.38.H,5,738
12:22:31,193.T6.11-MRe-2-y08-1.79.H,9,742
12:26:31,217.T6.11-MRe-1-y08-1.38.H,7,746
12:30:31,194.T6.11-MRe-2-y08-1.79.H,5,750
12:34:31,218.T6.11-MRe-1-y08-1.38.H,4,754
12:38:31,195.T6.11-MRe-2-y08-1.79.H,7,758
12:42:31,219.T6.11-MRe-1-y08-1.38.H,3,762
12:46:31,196.T6.11-MRe-2-y08-1.79.H,9,766
12:50:31,220.T6.11-MRe-1-y08-1.38.H,7,770
12:54:31,197.T6.11-MRe-2-y08-1.79.H,4,774
12:58:31,221.T6.11-MRe-1-y08-1.38.H,4,778
13:02:31,198.T6.11-MRe-2-y08-1.79.H,12,782
13:06:31,222.T6.11-MRe-1-y08-1.38.H,4,786
13:10:31,199.T6.11-MRe-2-y08-1.79.H,6,790
13:14:31,223.T6.11-MRe-1-y08-1.38.H,7,794
13:18:31,200.T6.11-MRe-2-y08-1.79.H,8,798
13:22:31,224.T6.11-MRe-1-y08-1.38.H,6,802
13:26:31,201.T6.11-MRe-2-y08-1.79.H,5,806
13:30:31,225.T6.11-MRe-1-y08-1.38.H,9,810
13:34:31,202.T6.11-MRe-2-y08-1.79.H,11,814
13:38:31,226.T6.11-MRe-1-y08-1.38.H,10,818
13:42:31,203.T6.11-MRe-2-y08-1.79.H,5,822
13:46:31,227.T6.11-MRe-1-y08-1.38.H,8,826
13:50:31,204.T6.11-MRe-2-y08-1.79.H,5,830
13:54:31,228.T6.11-MRe-1-y08-1.38.H,8,834
13:58:31,205.T6.11-MRe-2-y08-1.79.H,9,838
14:02:31,229.T6.11-MRe-1-y08-1.38.H,7,842
14:06:31,206.T6.11-MRe-2-y08-1.79.H,4,846
14:10:31,230.T6.11-MRe-1-y08-1.38.H,5,850
14:14:31,207.T6.11-MRe-2-y08-1.79.H,4,854
14:18:31,231.T6.11-MRe-1-y08-1.38.H,0,858
14:22:31,208.T6.11-MRe-2-y08-1.79.H,4,862
14:26:31,232.T6.11-MRe-1-y08-1.38.H,1,866
14:30:31,209.T6.11-MRe-2-y08-1.79.H,4,870
14:34:31,233.T6.11-MRe-1-y08-1.38.H,2,874
14:38:31,210.T6.11-MRe-2-y08-1.79.H,3,878
14:42:31,234.T6.11-MRe-1-y08-1.38.H,6,882
14:46:31,211.T6.11-MRe-2-y08-1.79.H,8,886
14:50:31,235.T6.11-MRe-1-y08-1.38.H,8,890
14:54:31,212.T6.11-MRe-2-y08-1.79.H,7,894
14:58:31,236.T6.11-MRe-1-y08-1.38.H,8,898
15:02:31,213.T6.11-MRe-2-y08-1.79.H,7,902
15:06:31,237.T6.11-MRe-1-y08-1.38.H,4,906
15:10:31,214.T6.11-MRe-2-y08-1.79.H,4,910
15:14:31,238.T6.11-MRe-1-y08-1.38.H,5,914
15:18:31,215.T6.11-MRe-2-y08-1.79.H,8,918
15:22:31,239.T6.11-MRe-1-y08-1.38.H,9,922
15:26:31,216.T6.11-MRe-2-y08-1.79.H,10,926
15:30:31,240.T6.11-MRe-1-y08-1.38.H,3,930
15:34:31,217.T6.11-MRe-2-y08-1.79.H,2,934
15:38:31,241.T6.11-MRe-1-y08-1.38.H,3,938
15:42:31,218.T6.11-MRe-2-y08-1.79.H,4,942
15:46:31,242.T6.11-MRe-1-y08-1.38.H,5,946
15:50:31,219.T6.11-MRe-2-y08-1.79.H,5,950
15:54:31,243.T6.11-MRe-1-y08-1.38.H,2,954
15:58:31,220.T6.11-MRe-2-y08-1.79.H,5,958
16:00:31,244.T6.11-MRe-1-y08-1.73.H,2,960
16:02:31,245.T6.11-MRe-1-y08-1.38.H,4,962
16:06:31,221.T6.11-MRe-2-y08-1.79.H,1,966
16:08:31,246.T6.11-MRe-1-y08-1.73.H,0,968
16:10:31,247.T6.11-MRe-1-y08-1.38.H,2,970
16:14:31,222.T6.11-MRe-2-y08-1.79.H,2,974
16:16:31,248.T6.11-MRe-1-y08-1.73.H,3,976
16:18:31,249.T6.11-MRe-1-y08-1.38.H,1,978
16:22:31,223.T6.11-MRe-2-y08-1.79.H,0,982
16:24:31,250.T6.11-MRe-1-y08-1.73.H,0,984
16:26:31,251.T6.11-MRe-1-y08-1.38.H,3,986
16:30:31,224.T6.11-MRe-2-y08-1.79.H,4,990
16:32:31,252.T6.11-MRe-1-y08-1.73.H,2,992
16:34:31,253.T6.11-MRe-1-y08-1.38.H,8,994
16:38:31,225.T6.11-MRe-2-y08-1.79.H,5,998
16:40:31,254.T6.11-MRe-1-y08-1.73.H,2,1000
16:42:31,255.T6.11-MRe-1-y08-1.38.H,4,1002
16:44:31,256.T6.11-MRe-1-y08-1.73.H,2,1004
16:46:31,226.T6.11-MRe-2-y08-1.79.H,5,1006
16:48:31,257.T6.11-MRe-1-y08-1.73.H,1,1008
16:50:31,258.T6.11-MRe-1-y08-1.38.H,2,1010
16:52:31,259.T6.11-MRe-1-y08-1.73.H,1,1012
16:54:31,227.T6.11-MRe-2-y08-1.79.H,4,1014
16:56:31,260.T6.11-MRe-1-y08-1.73.H,0,1016
16:58:31,261.T6.11-MRe-1-y08-1.38.H,5,1018
17:02:31,228.T6.11-MRe-2-y08-1.79.H,4,1022
17:04:31,262.T6.11-MRe-1-y08-1.73.H,1,1024
17:06:31,263.T6.11-MRe-1-y08-1.38.H,4,1026
17:08:31,264.T6.11-MRe-1-y08-1.73.H,7,1028
17:10:31,229.T6.11-MRe-2-y08-1.79.H,0,1030
17:12:31,265.T6.11-MRe-1-y08-1.73.H,2,1032
17:14:31,266.T6.11-MRe-1-y08-1.38.H,0,1034
17:16:31,267.T6.11-MRe-1-y08-1.73.H,2,1036
17:18:31,230.T6.11-MRe-2-y08-1.79.H,0,1038
17:20:31,268.T6.11-MRe-1-y08-1.73.H,7,1040
17:22:31,269.T6.11-MRe-1-y08-1.38.H,0,1042
17:24:31,270.T6.11-MRe-1-y08-1.73.H,4,1044
17:26:31,231.T6.11-MRe-2-y08-1.79.H,0,1046
17:28:31,271.T6.11-MRe-1-y08-1.73.H,4,1048
17:30:31,272.T6.11-MRe-1-y08-1.38.H,2,1050
17:32:31,273.T6.11-MRe-1-y08-1.73.H,6,1052
17:34:31,232.T6.11-MRe-2-y08-1.79.H,1,1054
17:36:31,274.T6.11-MRe-1-y08-1.73.H,2,1056
17:38:31,275.T6.11-MRe-1-y08-1.38.H,3,1058
17:40:31,276.T6.11-MRe-1-y08-1.73.H,2,1060
17:42:31,233.T6.11-MRe-2-y08-1.79.H,3,1062
17:44:31,277.T6.11-MRe-1-y08-1.73.H,6,1064
17:46:31,278.T6.11-MRe-1-y08-1.38.H,5,1066
17:50:31,234.T6.11-MRe-2-y08-1.79.H,4,1070
17:52:31,279.T6.11-MRe-1-y08-1.73.H,3,1072
17:54:31,280.T6.11-MRe-1-y08-1.38.H,9,1074
17:58:31,235.T6.11-MRe-2-y08-1.79.H,3,1078
18:00:31,281.T6.11-MRe-1-y08-1.73.H,7,1080
18:02:31,282.T6.11-MRe-1-y08-1.38.H,1,1082
18:04:31,337.T6.11-MRe-1-y08-1.73.H,4,1084
18:06:31,236.T6.11-MRe-2-y08-1.79.H,2,1086
18:08:31,338.T6.11-MRe-1-y08-1.73.H,4,1088
18:10:31,339.T6.11-MRe-1-y08-1.38.H,2,1090
18:14:31,237.T6.11-MRe-2-y08-1.79.H,0,1094
18:16:31,340.T6.11-MRe-1-y08-1.73.H,6,1096
18:18:31,341.T6.11-MRe-1-y08-1.38.H,7,1098
18:22:31,238.T6.11-MRe-2-y08-1.79.H,5,1102
18:24:31,342.T6.11-MRe-1-y08-1.73.H,2,1104
18:26:31,343.T6.11-MRe-1-y08-1.38.H,5,1106
18:30:31,239.T6.11-MRe-2-y08-1.79.H,2,1110
18:32:31,344.T6.11-MRe-1-y08-1.73.H,1,1112
18:34:31,345.T6.11-MRe-1-y08-1.38.H,12,1114
18:38:31,240.T6.11-MRe-2-y08-1.79.H,3,1118
18:40:31,346.T6.11-MRe-1-y08-1.73.H,4,1120
18:42:31,347.T6.11-MRe-1-y08-1.38.H,10,1122
18:46:31,241.T6.11-MRe-2-y08-1.79.H,4,1126
18:48:31,348.T6.11-MRe-1-y08-1.73.H,3,1128
18:50:31,349.T6.11-MRe-1-y08-1.38.H,12,1130
18:54:31,242.T6.11-MRe-2-y08-1.79.H,1,1134
18:58:31,350.T6.11-MRe-1-y08-1.38.H,8,1138
19:02:31,243.T6.11-MRe-2-y08-1.79.H,5,1142
19:06:31,351.T6.11-MRe-1-y08-1.38.H,11,1146
19:10:31,244.T6.11-MRe-2-y08-1.79.H,8,1150
19:14:31,352.T6.11-MRe-1-y08-1.38.H,6,1154
19:18:31,245.T6.11-MRe-2-y08-1.79.H,7,1158
19:22:31,353.T6.11-MRe-1-y08-1.38.H,6,1162
19:26:31,246.T6.11-MRe-2-y08-1.79.H,5,1166
19:30:31,354.T6.11-MRe-1-y08-1.38.H,2,1170
19:34:31,247.T6.11-MRe-2-y08-1.79.H,3,1174
19:38:31,355.T6.11-MRe-1-y08-1.38.H,4,1178
19:42:31,248.T6.11-MRe-2-y08-1.79.H,6,1182
19:46:31,356.T6.11-MRe-1-y08-1.38.H,2,1186
19:50:31,249.T6.11-MRe-2-y08-1.79.H,7,1190
19:54:31,357.T6.11-MRe-1-y08-1.38.H,3,1194
19:58:31,250.T6.11-MRe-2-y08-1.79.H,5,1198
20:02:31,358.T6.11-MRe-1-y08-1.38.H,3,1202
20:06:31,251.T6.11-MRe-2-y08-1.79.H,8,1206
20:10:31,359.T6.11-MRe-1-y08-1.38.H,0,1210
20:14:31,252.T6.11-MRe-2-y08-1.79.H,3,1214
20:18:31,360.T6.11-MRe-1-y08-1.38.H,3,1218
20:22:31,253.T6.11-MRe-2-y08-1.79.H,8,1222
20:26:31,361.T6.11-MRe-1-y08-1.38.H,3,1226
20:30:31,254.T6.11-MRe-2-y08-1.79.H,3,1230
20:34:31,362.T6.11-MRe-1-y08-1.38.H,2,1234
20:38:31,255.T6.11-MRe-2-y08-1.79.H,8,1238
20:42:31,363.T6.11-MRe-1-y08-1.38.H,9,1242
20:46:31,256.T6.11-MRe-2-y08-1.79.H,9,1246
20:50:31,364.T6.11-MRe-1-y08-1.38.H,3,1250
20:54:31,257.T6.11-MRe-2-y08-1.79.H,6,1254
20:58:31,365.T6.11-MRe-1-y08-1.38.H,1,1258
21:02:31,258.T6.11-MRe-2-y08-1.79.H,6,1262
21:06:31,366.T6.11-MRe-1-y08-1.38.H,5,1266
21:10:31,259.T6.11-MRe-2-y08-1.79.H,2,1270
21:14:31,367.T6.11-MRe-1-y08-1.38.H,4,1274
21:18:31,260.T6.11-MRe-2-y08-1.79.H,2,1278
21:22:31,368.T6.11-MRe-1-y08-1.38.H,1,1282
21:26:31,261.T6.11-MRe-2-y08-1.79.H,5,1286
21:30:31,369.T6.11-MRe-1-y08-1.38.H,5,1290
21:34:31,262.T6.11-MRe-2-y08-1.79.H,1,1294
21:38:31,370.T6.11-MRe-1-y08-1.38.H,8,1298
21:42:31,263.T6.11-MRe-2-y08-1.79.H,3,1302
21:46:31,371.T6.11-MRe-1-y08-1.38.H,5,1306
21:50:31,264.T6.11-MRe-2-y08-1.79.H,2,1310
21:54:31,372.T6.11-MRe-1-y08-1.38.H,2,1314
21:58:31,265.T6.11-MRe-2-y08-1.79.H,3,1318
22:02:31,373.T6.11-MRe-1-y08-1.38.H,1,1322
22:06:31,266.T6.11-MRe-2-y08-1.79.H,3,1326
22:10:31,374.T6.11-MRe-1-y08-1.38.H,6,1330
22:14:31,267.T6.11-MRe-2-y08-1.79.H,5,1334
22:18:31,375.T6.11-MRe-1-y08-1.38.H,2,1338
22:22:31,268.T6.11-MRe-2-y08-1.79.H,8,1342
22:26:31,388.T6.11-MRe-1-y08-1.38.H,3,1346
22:30:31,269.T6.11-MRe-2-y08-1.79.H,4,1350
22:34:31,389.T6.11-MRe-1-y08-1.38.H,5,1354
22:38:31,270.T6.11-MRe-2-y08-1.79.H,2,1358
22:42:31,390.T6.11-MRe-1-y08-1.38.H,1,1362
22:46:31,271.T6.11-MRe-2-y08-1.79.H,3,1366
22:50:31,391.T6.11-MRe-1-y08-1.38.H,3,1370
22:54:31,272.T6.11-MRe-2-y08-1.79.H,1,1374
22:58:31,392.T6.11-MRe-1-y08-1.38.H,3,1378
23:02:31,273.T6.11-MRe-2-y08-1.79.H,2,1382
23:06:31,393.T6.11-MRe-1-y08-1.38.H,5,1386
23:10:31,274.T6.11-MRe-2-y08-1.79.H,3,1390
23:14:31,394.T6.11-MRe-1-y08-1.38.H,2,1394
23:18:31,275.T6.11-MRe-2-y08-1.79.H,1,1398
23:22:31,395.T6.11-MRe-1-y08-1.38.H,4,1402
23:26:31,276.T6.11-MRe-2-y08-1.79.H,4,1406
23:30:31,396.T6.11-MRe-1-y08-1.38.H,0,1410
23:34:31,277.T6.11-MRe-2-y08-1.79.H,6,1414
23:38:31,397.T6.11-MRe-1-y08-1.38.H,3,1418
23:42:31,278.T6.11-MRe-2-y08-1.79.H,0,1422
23:46:31,398.T6.11-MRe-1-y08-1.38.H,0,1426
23:50:31,279.T6.11-MRe-2-y08-1.79.H,3,1430
23:54:31,399.T6.11-MRe-1-y08-1.38.H,1,1434
